香港,101
深圳,23
广州,17
合作,16
青岛,13
河北,12
中方,12
广西,9
台北,6
成都,6
和平,6
苏州,6
沈阳,6
杭州,6
武威,5
长寿,5
资源,5
郑州,5
东方,4
济南,4
吉林,4
平湖,4
华安,4
南溪,4
长沙,3
丰台,3
平昌,3
南部,3
江口,3
马龙,3
新建,3
南京,3
平安,2
佛山,2
大庆,2
海口,2
清流,2
厦门,2
宁波,2
太湖,2
大理,2
合肥,2
平潭,2
武汉,2
井冈山,2
泰州,2
双流,2
中卫,2
衡水,2
大连,2
贵阳,2
长春,2
乌鲁木齐,2
洪泽,1
介休市,1
台北市,1
永康,1
东海,1
丽江,1
太仓,1
阿坝,1
屏东,1
昭平,1
三亚,1
瑞金,1
建水,1
阜阳,1
荣昌,1
盐城,1
通州,1
彭山,1
濮阳,1
金华,1
乐山,1
铜鼓,1
淮安,1
抚州,1
崇仁,1
昆明,1
铁岭,1
河间,1
瓮安,1
苗栗,1
周口,1
公安,1
万安,1
花莲县,1
温州,1
离岛,1
邹城,1
滨州市,1
德安,1
辛集,1
大足,1
哈尔滨,1
无锡,1
西城区,1
太保,1
永安,1
许昌,1
南平,1
常熟,1
武冈,1
唐山,1
南昌,1
九龙,1
太原,1
东阳,1
景德镇,1
徐州,1
常州,1
廊坊,1
崇州,1
方正,1
兰州,1
灵石,1
扬州,1
洛阳,1
兴国,1
攀枝花,1
成都市,1
双城,1
平谷,1
嘉兴,1
绵阳,1
西昌,1
赣州,1
威海,1
博爱,1
阿勒泰,1
新郑,1
虹口,1
台东,1
保定,1
衡阳,1
义乌,1
高平,1
板桥,1
张家口,1
宜兰,1
东阳市,1
宁德,1
龙海,1
